pano_id,lat,lon,date,address,elevation,link,heading,country_code,source,copyright_message,street_names
brkwyqmkoHLzRXc_v3Dayg,28.58455121989449,77.19946024321149,2022-04,"101 Satya Marg, New Delhi, Delhi",239.2503967285156,"<bound method StreetViewPanorama.permalink of brkwyqmkoHLzRXc_v3Dayg (28.58455, 77.19946) [2022-04]>",4.315880513062717,IN,launch,© 2025 Google,"Madhu Limaye Marg, Satya Marg"
BaJFWvQZECMpZDzkxp7tgw,28.58459083830427,77.19924450659309,2022-04,"101 Satya Marg, New Delhi, Delhi",239.3040618896484,"<bound method StreetViewPanorama.permalink of BaJFWvQZECMpZDzkxp7tgw (28.58459, 77.19924) [2022-04]>",1.493418580796808,IN,launch,© 2025 Google,Satya Marg
hAw04MsMET57B1KCjkXW-g,28.58456163831713,77.1991476487074,2022-04,"101 Satya Marg, New Delhi, Delhi",238.6678466796875,"<bound method StreetViewPanorama.permalink of hAw04MsMET57B1KCjkXW-g (28.58456, 77.19915) [2022-04]>",4.660578779273853,IN,launch,© 2025 Google,Satya Marg
es67PK4Xgl3WuWLD-XvG3A,28.58457839879296,77.19903534961036,2022-04,"101 Satya Marg, New Delhi, Delhi",238.8389739990234,"<bound method StreetViewPanorama.permalink of es67PK4Xgl3WuWLD-XvG3A (28.58458, 77.19904) [2022-04]>",1.4991507687270944,IN,launch,© 2025 Google,Satya Marg
1Em5YK4jTTVOuYBv0Scd5Q,28.58455174711096,77.19893401713067,2022-04,"101 Satya Marg, New Delhi, Delhi",239.0053405761719,"<bound method StreetViewPanorama.permalink of 1Em5YK4jTTVOuYBv0Scd5Q (28.58455, 77.19893) [2022-04]>",4.616087477470771,IN,launch,© 2025 Google,Satya Marg
_sTBSS0GQoXFgWkIOxuOWA,28.58454754380093,77.19882856107273,2022-04,"101 Satya Marg, New Delhi, Delhi",239.5332489013672,"<bound method StreetViewPanorama.permalink of _sTBSS0GQoXFgWkIOxuOWA (28.58455, 77.19883) [2022-04]>",4.622230324841146,IN,launch,© 2025 Google,Satya Marg
DGRVWdK4LQOU4QFlAjaF7Q,28.58454496427024,77.19871994649898,2022-04,"141 Satya Marg, New Delhi, Delhi",239.7745819091797,"<bound method StreetViewPanorama.permalink of DGRVWdK4LQOU4QFlAjaF7Q (28.58454, 77.19872) [2022-04]>",4.621516597669007,IN,launch,© 2025 Google,Satya Marg
1AvZKy6BgGTmlAZCj-AQzw,28.58455733025253,77.19851394701774,2022-04,"141 Satya Marg, New Delhi, Delhi",239.7305450439453,"<bound method StreetViewPanorama.permalink of 1AvZKy6BgGTmlAZCj-AQzw (28.58456, 77.19851) [2022-04]>",1.5101955635579256,IN,launch,© 2025 Google,Satya Marg
W1R39FnppRkdtHyvJA_1Fg,28.5845539326686,77.19841235088957,2022-04,"141 Satya Marg, New Delhi, Delhi",239.76513671875,"<bound method StreetViewPanorama.permalink of W1R39FnppRkdtHyvJA_1Fg (28.58455, 77.19841) [2022-04]>",1.5094026073433544,IN,launch,© 2025 Google,Satya Marg
46NuAyuMPNJdIMS7rEiIPA,28.58451763545098,77.19829891055026,2022-04,"98 Satya Marg, New Delhi, Delhi",239.8307647705078,"<bound method StreetViewPanorama.permalink of 46NuAyuMPNJdIMS7rEiIPA (28.58452, 77.19830) [2022-04]>",4.643462110315695,IN,launch,© 2025 Google,Satya Marg
vv2GBsh-EaUyKSywFSY8eQ,28.58454534192799,77.1981931029897,2022-04,"98 Satya Marg, New Delhi, Delhi",239.9073028564453,"<bound method StreetViewPanorama.permalink of vv2GBsh-EaUyKSywFSY8eQ (28.58455, 77.19819) [2022-04]>",1.5155233504766836,IN,launch,© 2025 Google,Satya Marg
LMpnAJOVbbWi2ZT_wd5Fjg,28.58454305494928,77.19808755853792,2022-04,"98 Satya Marg, New Delhi, Delhi",240.0621643066406,"<bound method StreetViewPanorama.permalink of LMpnAJOVbbWi2ZT_wd5Fjg (28.58454, 77.19809) [2022-04]>",1.5246249698181384,IN,launch,© 2025 Google,Satya Marg
G8L5b6nEaivMOYi9qzv2YQ,28.58450865618716,77.19798850634427,2022-04,"98 Satya Marg, New Delhi, Delhi",240.1300811767578,"<bound method StreetViewPanorama.permalink of G8L5b6nEaivMOYi9qzv2YQ (28.58451, 77.19799) [2022-04]>",4.669155755880562,IN,launch,© 2025 Google,Satya Marg
mstYiGwQmhvg7w5wzignbQ,28.58450731850526,77.19776548507018,2022-04,"61 Satya Marg, New Delhi, Delhi",240.3235321044922,"<bound method StreetViewPanorama.permalink of mstYiGwQmhvg7w5wzignbQ (28.58451, 77.19777) [2022-04]>",4.698225224443212,IN,launch,© 2025 Google,Satya Marg
SFJH_3eTOzadvmRbkk-weg,28.58454022695985,77.19766283548354,2022-04,"61 Satya Marg, New Delhi, Delhi",240.38134765625,"<bound method StreetViewPanorama.permalink of SFJH_3eTOzadvmRbkk-weg (28.58454, 77.19766) [2022-04]>",1.5520713748544404,IN,launch,© 2025 Google,Satya Marg
snE7IdIZ8PUk3yhDzBaOuA,28.58454085817923,77.19756036127757,2022-04,"61 Satya Marg, New Delhi, Delhi",240.4676666259766,"<bound method StreetViewPanorama.permalink of snE7IdIZ8PUk3yhDzBaOuA (28.58454, 77.19756) [2022-04]>",1.5603238452823236,IN,launch,© 2025 Google,Satya Marg
EwWR_fPP0vrOvURN-xgidQ,28.58451246997037,77.19745551814123,2022-04,"61 Satya Marg, New Delhi, Delhi",240.5793609619141,"<bound method StreetViewPanorama.permalink of EwWR_fPP0vrOvURN-xgidQ (28.58451, 77.19746) [2022-04]>",4.720745979885358,IN,launch,© 2025 Google,Satya Marg
ITFs6TD45F-oB_BEEsedpQ,28.58451591195542,77.19734856927309,2022-04,"151 Satya Marg, New Delhi, Delhi",240.7212982177734,"<bound method StreetViewPanorama.permalink of ITFs6TD45F-oB_BEEsedpQ (28.58452, 77.19735) [2022-04]>",4.7296851464003185,IN,launch,© 2025 Google,Satya Marg
jTRUp266SVWGlcBt4ttCTA,28.58455212835229,77.19714765604407,2022-04,"Satya Marg, New Delhi, Delhi",241.4529876708984,"<bound method StreetViewPanorama.permalink of jTRUp266SVWGlcBt4ttCTA (28.58455, 77.19715) [2022-04]>",1.5943924666852167,IN,launch,© 2025 Google,Satya Marg
7ldSIfen3MDjRO3x_I6tqg,28.58452904771234,77.19703974181101,2022-04,"Satya Marg, New Delhi, Delhi",241.0695495605469,"<bound method StreetViewPanorama.permalink of 7ldSIfen3MDjRO3x_I6tqg (28.58453, 77.19704) [2022-04]>",4.739785451150553,IN,launch,© 2025 Google,Satya Marg
34QjZAI7EatRX4izASE9YA,28.58453413274371,77.19692708977509,2022-04,"Satya Marg, New Delhi, Delhi",241.1530303955078,"<bound method StreetViewPanorama.permalink of 34QjZAI7EatRX4izASE9YA (28.58453, 77.19693) [2022-04]>",4.740946056753609,IN,launch,© 2025 Google,Satya Marg
xricuPSxo3Qf4eOT83s0Wg,28.5845422943151,77.19676416526265,2022-04,"Satya Marg, New Delhi, Delhi",241.2967987060547,"<bound method StreetViewPanorama.permalink of xricuPSxo3Qf4eOT83s0Wg (28.58454, 77.19676) [2022-04]>",4.749968846526798,IN,launch,© 2025 Google,Satya Marg
eUaSp46lYlrBEwa1MYN5LA,28.5845764521302,77.19666177801503,2022-04,"Satya Marg, New Delhi, Delhi",241.8799133300781,"<bound method StreetViewPanorama.permalink of eUaSp46lYlrBEwa1MYN5LA (28.58458, 77.19666) [2022-04]>",1.6207122214223608,IN,launch,© 2025 Google,Satya Marg
H6QnzM8Z009Yod2fGdjcUA,28.5845833735217,77.19655553031492,2022-04,"Satya Marg, New Delhi, Delhi",241.953857421875,"<bound method StreetViewPanorama.permalink of H6QnzM8Z009Yod2fGdjcUA (28.58458, 77.19656) [2022-04]>",1.6236157328008196,IN,launch,© 2025 Google,Satya Marg
XwmNQgfrpoIUvUzGbuEfuw,28.58459687035275,77.1963522468776,2022-04,"193 Satya Marg, New Delhi, Delhi",241.7062072753906,"<bound method StreetViewPanorama.permalink of XwmNQgfrpoIUvUzGbuEfuw (28.58460, 77.19635) [2022-04]>",1.6152032063914228,IN,launch,© 2025 Google,Satya Marg
KMjXelEgh9lftV38O1JxvQ,28.58460278953143,77.19625108757491,2022-04,"193 Satya Marg, New Delhi, Delhi",242.258544921875,"<bound method StreetViewPanorama.permalink of KMjXelEgh9lftV38O1JxvQ (28.58460, 77.19625) [2022-04]>",1.6011530342704372,IN,launch,© 2025 Google,Satya Marg
ENh1jH3oGuhdyt2xqfHjfA,28.5846029474789,77.19614641875194,2022-04,"193 Satya Marg, New Delhi, Delhi",242.3646697998047,"<bound method StreetViewPanorama.permalink of ENh1jH3oGuhdyt2xqfHjfA (28.58460, 77.19615) [2022-04]>",1.5057359671545334,IN,launch,© 2025 Google,Satya Marg
fifMEoSgWcu286F0geSF4Q,28.58461605123054,77.19604534700952,2022-04,"193 Satya Marg, New Delhi, Delhi",242.4018707275391,"<bound method StreetViewPanorama.permalink of fifMEoSgWcu286F0geSF4Q (28.58462, 77.19605) [2022-04]>",2.071449972231346,IN,launch,© 2025 Google,Satya Marg
0TZgumtH1mRUjR6jENifMQ,28.58465270992471,77.19594532801287,2022-04,"Satya Marg, New Delhi, Delhi",242.4131927490234,"<bound method StreetViewPanorama.permalink of 0TZgumtH1mRUjR6jENifMQ (28.58465, 77.19595) [2022-04]>",1.7196137685085244,IN,launch,© 2025 Google,Satya Marg
4ACZR6Bio6oVUhOotjTjyw,28.58466609188482,77.19584258911352,2022-04,"Satya Marg, New Delhi, Delhi",242.4802551269531,"<bound method StreetViewPanorama.permalink of 4ACZR6Bio6oVUhOotjTjyw (28.58467, 77.19584) [2022-04]>",1.6719334644581272,IN,launch,© 2025 Google,Satya Marg
onVHZ_mi8ZPmT2XpK0vVCg,28.58463295604966,77.19562754779854,2022-04,"Satya Marg, New Delhi, Delhi",242.6690368652344,"<bound method StreetViewPanorama.permalink of onVHZ_mi8ZPmT2XpK0vVCg (28.58463, 77.19563) [2022-04]>",4.839538943469433,IN,launch,© 2025 Google,Satya Marg
UWJY7uqMKmdaMMTBagUZSA,28.58465146377054,77.19548225650563,2022-04,"Satya Marg, New Delhi, Delhi",242.8090362548828,"<bound method StreetViewPanorama.permalink of UWJY7uqMKmdaMMTBagUZSA (28.58465, 77.19548) [2022-04]>",4.829776860177638,IN,launch,© 2025 Google,Satya Marg
4o3aK84mzJYFAPqyVzm04A,28.58470736668016,77.1953555651604,2022-04,"Satya Marg, New Delhi, Delhi",242.8370666503906,"<bound method StreetViewPanorama.permalink of 4o3aK84mzJYFAPqyVzm04A (28.58471, 77.19536) [2022-04]>",1.75456109991309,IN,launch,© 2025 Google,Satya Marg
vfLXqlZh1F2OThjm-ioHag,28.58472226652794,77.1952558965277,2022-04,"Satya Marg, New Delhi, Delhi",242.9382171630859,"<bound method StreetViewPanorama.permalink of vfLXqlZh1F2OThjm-ioHag (28.58472, 77.19526) [2022-04]>",1.691701709755622,IN,launch,© 2025 Google,Satya Marg
-DenmsUuE_b6CISL0bXczA,28.58473638055576,77.1951516655088,2022-04,"Satya Marg, New Delhi, Delhi",243.0692596435547,"<bound method StreetViewPanorama.permalink of -DenmsUuE_b6CISL0bXczA (28.58474, 77.19515) [2022-04]>",1.724555130753112,IN,launch,© 2025 Google,Satya Marg
yaO9qnwL4tnnNDVSAxB4AA,28.58475415432538,77.19504910139483,2022-04,"Satya Marg, New Delhi, Delhi",243.1076507568359,"<bound method StreetViewPanorama.permalink of yaO9qnwL4tnnNDVSAxB4AA (28.58475, 77.19505) [2022-04]>",1.7812186766345106,IN,launch,© 2025 Google,Satya Marg
p8EbyOSj445-y3oE7fAjAw,28.58477593891179,77.19494179940816,2022-04,"Satya Marg, New Delhi, Delhi",243.24072265625,"<bound method StreetViewPanorama.permalink of p8EbyOSj445-y3oE7fAjAw (28.58478, 77.19494) [2022-04]>",1.7583270760105707,IN,launch,© 2025 Google,Satya Marg
_CWxRPFUoUOG8ogpgQn7ig,28.58481196630443,77.19473895188753,2022-04,"173 Satya Marg, New Delhi, Delhi",243.12841796875,"<bound method StreetViewPanorama.permalink of _CWxRPFUoUOG8ogpgQn7ig (28.58481, 77.19474) [2022-04]>",1.7302605539144431,IN,launch,© 2025 Google,Satya Marg
mQGzHYRMu3_sK_ro26RNGw,28.58482813267202,77.19463972142118,2022-04,"173 Satya Marg, New Delhi, Delhi",243.195556640625,"<bound method StreetViewPanorama.permalink of mQGzHYRMu3_sK_ro26RNGw (28.58483, 77.19464) [2022-04]>",1.7329231823723044,IN,launch,© 2025 Google,Satya Marg
WC1E8Q1ae3-tZB8Ll5xdHA,28.58484481847844,77.1945376832865,2022-04,"173 Satya Marg, New Delhi, Delhi",243.6472930908203,"<bound method StreetViewPanorama.permalink of WC1E8Q1ae3-tZB8Ll5xdHA (28.58484, 77.19454) [2022-04]>",1.7354734254321642,IN,launch,© 2025 Google,Satya Marg
K9yhhq1k1WDrofHJ87U-qw,28.58485801484006,77.19441651837106,2022-04,"173 Satya Marg, New Delhi, Delhi",243.7589874267578,"<bound method StreetViewPanorama.permalink of K9yhhq1k1WDrofHJ87U-qw (28.58486, 77.19442) [2022-04]>",1.7572215978420775,IN,launch,© 2025 Google,Satya Marg
ep88yfeB7uZrfFOVr5kDEg,28.58487617885258,77.19432079712291,2022-04,"173 Satya Marg, New Delhi, Delhi",243.9995880126953,"<bound method StreetViewPanorama.permalink of ep88yfeB7uZrfFOVr5kDEg (28.58488, 77.19432) [2022-04]>",1.7685433614262782,IN,launch,© 2025 Google,Satya Marg
u_3HFKsalyUiDEM-kmhZfQ,28.58490148296067,77.1941944554855,2022-04,"173 Satya Marg, New Delhi, Delhi",244.3374938964844,"<bound method StreetViewPanorama.permalink of u_3HFKsalyUiDEM-kmhZfQ (28.58490, 77.19419) [2022-04]>",1.7719559360471044,IN,launch,© 2025 Google,Satya Marg
uk_rpz8qcyDrAq6onxhnmw,28.58494307917641,77.19398853587539,2022-04,"173 Satya Marg, New Delhi, Delhi",244.9296722412109,"<bound method StreetViewPanorama.permalink of uk_rpz8qcyDrAq6onxhnmw (28.58494, 77.19399) [2022-04]>",1.7738070993208197,IN,launch,© 2025 Google,Satya Marg
AUwHJBVomwKwkJtkABdZeg,28.58496154442076,77.19389597283228,2022-04,"173 Satya Marg, New Delhi, Delhi",245.2358856201172,"<bound method StreetViewPanorama.permalink of AUwHJBVomwKwkJtkABdZeg (28.58496, 77.19390) [2022-04]>",1.7799615314419375,IN,launch,© 2025 Google,Satya Marg
ZUsBJRIvnXRgWT2StB-TxA,28.58498299631545,77.19379253025595,2022-04,"Satya Marg, New Delhi, Delhi",245.5843505859375,"<bound method StreetViewPanorama.permalink of ZUsBJRIvnXRgWT2StB-TxA (28.58498, 77.19379) [2022-04]>",1.7830960720449602,IN,launch,© 2025 Google,Satya Marg
EWvaVdhZlKrPhm46CoXZSQ,28.58500833046896,77.19367750621647,2022-04,"Satya Marg, New Delhi, Delhi",245.9502716064453,"<bound method StreetViewPanorama.permalink of EWvaVdhZlKrPhm46CoXZSQ (28.58501, 77.19368) [2022-04]>",1.7961206608301572,IN,launch,© 2025 Google,Satya Marg
CHHiJuPEKVOkxBkYzKcHvw,28.58504365525474,77.19353238800899,2022-04,"Satya Marg, New Delhi, Delhi",246.3441314697266,"<bound method StreetViewPanorama.permalink of CHHiJuPEKVOkxBkYzKcHvw (28.58504, 77.19353) [2022-04]>",1.8563833357667436,IN,launch,© 2025 Google,Satya Marg
JpKt6MtAFcdb0L_gWJ72kg,28.585073005572,77.19344017556115,2022-04,"Satya Marg, New Delhi, Delhi",246.5635223388672,"<bound method StreetViewPanorama.permalink of JpKt6MtAFcdb0L_gWJ72kg (28.58507, 77.19344) [2022-04]>",1.960102141790697,IN,launch,© 2025 Google,Satya Marg
tle1MieXilBf73wMyPIPJw,28.58512049580193,77.19334638375899,2022-04,"Satya Marg, New Delhi, Delhi",246.8502502441406,"<bound method StreetViewPanorama.permalink of tle1MieXilBf73wMyPIPJw (28.58512, 77.19335) [2022-04]>",2.2540201844425836,IN,launch,© 2025 Google,Satya Marg
nfoXv6dHSdpT_nyYbn6NZQ,28.58456369567622,77.19935531402282,2022-04,"101 Satya Marg, New Delhi, Delhi",239.2642974853516,"<bound method StreetViewPanorama.permalink of nfoXv6dHSdpT_nyYbn6NZQ (28.58456, 77.19936) [2022-04]>",4.849943381216155,IN,launch,© 2025 Google,Satya Marg
Zk1XZQyFjQ1DMtRKK_5KDw,28.5845898850064,77.19645507307075,2022-04,"193 Satya Marg, New Delhi, Delhi",242.0328063964844,"<bound method StreetViewPanorama.permalink of Zk1XZQyFjQ1DMtRKK_5KDw (28.58459, 77.19646) [2022-04]>",1.6220054524477032,IN,launch,© 2025 Google,Satya Marg
308F4uoMw-sRevZc7yZ9Xw,28.5846584151223,77.1954652356541,2022-04,"Satya Marg, New Delhi, Delhi",242.8285675048828,"<bound method StreetViewPanorama.permalink of 308F4uoMw-sRevZc7yZ9Xw (28.58466, 77.19547) [2022-04]>",2.364887580622581,IN,launch,© 2025 Google,"Satya Marg, Lane G"
TiThqLyKhQLC2JqdaxaP9Q,28.58479473470684,77.19484169174348,2022-04,"173 Satya Marg, New Delhi, Delhi",243.1155548095703,"<bound method StreetViewPanorama.permalink of TiThqLyKhQLC2JqdaxaP9Q (28.58479, 77.19484) [2022-04]>",1.7408997493112552,IN,launch,© 2025 Google,Satya Marg
AocN6Ou88f0lMFN_9Sdlww,28.58492362322605,77.1940835554928,2022-04,"173 Satya Marg, New Delhi, Delhi",244.6577606201172,"<bound method StreetViewPanorama.permalink of AocN6Ou88f0lMFN_9Sdlww (28.58492, 77.19408) [2022-04]>",1.7703953236483188,IN,launch,© 2025 Google,Satya Marg
4r6OjqKtrtXC4z-yClnJzA,28.58503078112353,77.1935799418789,2022-04,"Satya Marg, New Delhi, Delhi",246.2098693847656,"<bound method StreetViewPanorama.permalink of 4r6OjqKtrtXC4z-yClnJzA (28.58503, 77.19358) [2022-04]>",1.8236019532767391,IN,launch,© 2025 Google,Satya Marg
GRDRXhD7_dKowikyLk9rPA,28.58499724839272,77.19346983095181,2022-04,"Satya Marg, New Delhi, Delhi",246.3584594726562,"<bound method StreetViewPanorama.permalink of GRDRXhD7_dKowikyLk9rPA (28.58500, 77.19347) [2022-04]>",4.854080868285703,IN,launch,© 2025 Google,Satya Marg
2pzfUBi1NjSzlvxxVuqJUg,28.58499695020585,77.19334208460072,2022-04,"Satya Marg, New Delhi, Delhi",246.6442108154297,"<bound method StreetViewPanorama.permalink of 2pzfUBi1NjSzlvxxVuqJUg (28.58500, 77.19334) [2022-04]>",4.53022556602996,IN,launch,© 2025 Google,Satya Marg
aswBrJ_-qPWPoby754NlDQ,28.58456481218103,77.19861615719694,2022-04,"141 Satya Marg, New Delhi, Delhi",239.9568634033203,"<bound method StreetViewPanorama.permalink of aswBrJ_-qPWPoby754NlDQ (28.58456, 77.19862) [2022-04]>",1.5016813043948878,IN,launch,© 2025 Google,Satya Marg
pBYKZaGQuxjG86SrV7Bf4Q,28.58454026369292,77.1978749778646,2022-04,"98 Satya Marg, New Delhi, Delhi",240.1834716796875,"<bound method StreetViewPanorama.permalink of pBYKZaGQuxjG86SrV7Bf4Q (28.58454, 77.19787) [2022-04]>",1.5427292720665515,IN,launch,© 2025 Google,Satya Marg
FlQJ0GaAzDtoe1mDFDz_wQ,28.58454999122209,77.19724627026541,2022-04,"151 Satya Marg, New Delhi, Delhi",240.830078125,"<bound method StreetViewPanorama.permalink of FlQJ0GaAzDtoe1mDFDz_wQ (28.58455, 77.19725) [2022-04]>",1.59393520192605,IN,launch,© 2025 Google,Satya Marg
ZmLU1gtWpd88xlgqblfPXg,28.58467792088823,77.19573458595595,2022-04,"Satya Marg, New Delhi, Delhi",242.541748046875,"<bound method StreetViewPanorama.permalink of ZmLU1gtWpd88xlgqblfPXg (28.58468, 77.19573) [2022-04]>",1.6777834972666499,IN,launch,© 2025 Google,Satya Marg
zsxi2mPGbdcVvbHv4sX92w,28.58483855932693,77.19452162740693,2022-04,"173 Satya Marg, New Delhi, Delhi",243.5317993164062,"<bound method StreetViewPanorama.permalink of zsxi2mPGbdcVvbHv4sX92w (28.58484, 77.19452) [2022-04]>",1.7480432794612286,IN,launch,© 2025 Google,Satya Marg
